OBJECTID,average_temperature,tropical_night,heat_wave,elder_dens,receiver,green_area
1,13.200000,9.500000,6.700000,0.02078288984,102.000000,992.22406994400
2,12.800000,5.700000,7.100000,0.01062385980,50.000000,17504.31304110000
3,12.400000,3.000000,4.700000,0.01064345202,140.000000,4153.89389539000
4,11.700000,1.600000,2.900000,0.00828867352,124.000000,2007.41202377000
5,12.700000,5.800000,5.700000,0.05408594315,129.000000,0.00000000000
6,13.100000,9.100000,6.500000,0.01604502190,136.000000,1817.83975846000
7,13.100000,8.600000,9.700000,0.00963174739,47.000000,707.06098027000
8,13.200000,9.400000,10.200000,0.02557924710,563.000000,69679.87774810000
9,13.300000,9.800000,12.500000,0.02554160427,228.000000,120.26470487000
10,13.100000,8.300000,10.700000,0.01978444975,184.000000,5478.90539776000
11,13.400000,10.500000,13.700000,0.02850549964,332.000000,2943.92223153000
12,13.200000,9.100000,12.400000,0.02338785027,380.000000,0.00000000000
13,13.000000,7.200000,10.600000,0.03156756097,183.000000,0.00000000000
14,13.300000,9.700000,12.900000,0.02212056992,210.000000,0.00000000000
15,13.500000,11.100000,14.100000,0.02658665816,303.000000,0.00000000000
16,12.800000,6.100000,6.500000,0.01209892917,188.000000,13207.62492830000
17,13.200000,9.100000,11.800000,0.01550632293,218.000000,1859.30137896000
18,13.100000,8.100000,7.900000,0.01609040387,16.000000,14131.32197110000
19,13.000000,7.000000,8.800000,0.03779410046,486.000000,6384.46993298000
20,13.200000,9.200000,9.700000,0.02406677751,57.000000,5603.44663203000
21,12.900000,6.600000,9.600000,0.01739249173,94.000000,7477.11288345000
22,13.100000,7.400000,10.500000,0.01307370179,94.000000,3790.45529549000
23,13.300000,9.200000,12.500000,0.01814406198,122.000000,11020.89097580000
24,13.300000,9.200000,11.300000,0.00839848528,84.000000,1756.34581062000
25,13.400000,9.900000,13.300000,0.00390507096,1682.000000,0.00000000000
26,13.200000,8.100000,11.300000,0.01812719983,419.000000,0.00000000000
27,13.500000,11.000000,14.000000,0.02798536049,381.000000,831.64912119300
28,13.100000,8.600000,7.500000,0.04391078305,431.000000,763.27515163200
29,12.700000,5.500000,8.100000,0.00912882833,678.000000,0.00000000000
30,13.200000,8.900000,10.500000,0.01088069735,413.000000,3100.30814223000
31,13.400000,9.800000,11.000000,0.01453491703,1104.000000,3392.20120360000
32,13.500000,11.300000,10.800000,0.01529968742,322.000000,7.03158608769
33,13.300000,10.400000,10.300000,0.00964285994,138.000000,3557.76813659000
34,13.500000,11.200000,11.000000,0.01460124639,246.000000,0.00000000000
35,13.700000,13.600000,14.800000,0.02058291000,37.000000,17199.96081020000
36,13.600000,11.200000,12.400000,0.02558787553,94.000000,1004.11225722000
37,13.200000,9.300000,11.100000,0.00635459103,157.000000,5153.12523441000
38,13.000000,7.300000,9.500000,0.00713037268,168.000000,9367.73075481000
39,13.600000,13.200000,14.400000,0.00876961035,173.000000,13187.47972250000
40,13.400000,11.000000,12.900000,0.00791785732,599.000000,1324.88798167000
41,13.300000,9.400000,9.800000,0.01055331086,651.000000,1233.38363710000
42,13.500000,11.200000,11.400000,0.01085592624,222.000000,0.00000000000
43,13.600000,12.300000,13.200000,0.01814753508,269.000000,25717.28375430000
44,13.200000,8.300000,10.700000,0.00551182364,441.000000,6506.19807108000
45,13.400000,9.500000,12.800000,0.01726335770,363.000000,187.82310016100
46,13.700000,12.200000,17.200000,0.01459785059,650.000000,4287.85699364000
47,13.500000,9.900000,13.200000,0.00990346728,170.000000,18248.95775670000
48,13.600000,10.800000,13.900000,0.01317301829,327.000000,2720.63143004000
49,13.500000,10.000000,12.800000,0.02444842341,521.000000,0.00000000000
50,13.500000,9.500000,11.300000,0.01714434065,189.000000,2422.03215588000
51,13.300000,8.300000,10.900000,0.01838348564,544.000000,308.96514835300
52,13.600000,10.300000,12.100000,0.01544163806,324.000000,2377.65536194000
53,13.800000,11.600000,12.800000,0.01007706892,387.000000,22640.31864230000
54,13.700000,10.900000,12.200000,0.01025355339,272.000000,34836.86415430000
55,13.700000,12.200000,14.400000,0.00992211672,537.000000,6609.43207913000
56,13.800000,12.600000,14.600000,0.01602869259,154.000000,1794.96889872000
57,13.800000,12.900000,14.900000,0.00932292095,491.000000,29619.63001820000
58,13.800000,12.200000,15.900000,0.00977149257,742.000000,59252.30192240000
59,13.600000,11.300000,14.800000,0.02677934703,563.000000,474.42461952100
60,13.200000,8.000000,10.800000,0.01677935106,543.000000,1962.38981458000
61,13.300000,8.700000,11.100000,0.02446607282,323.000000,2394.05109769000
62,13.900000,14.200000,15.800000,0.00647583849,315.000000,0.00000000000
63,13.800000,13.200000,15.400000,0.00706129464,531.000000,8533.61879548000
64,13.600000,11.600000,14.800000,0.00775377088,444.000000,17332.69917370000
65,13.500000,10.900000,14.400000,0.00781276458,622.000000,324.54714629300
66,13.500000,11.100000,13.500000,0.00839725821,704.000000,8689.42999626000
67,12.600000,5.000000,8.300000,0.00831864631,1079.000000,725.98393832800
68,13.800000,13.600000,15.700000,0.00605031157,191.000000,8510.01189607000
69,13.800000,13.700000,15.400000,0.00774827419,519.000000,4826.25743846000
70,13.300000,9.300000,12.200000,0.00796770992,677.000000,2251.06174315000
71,13.700000,12.400000,15.300000,0.01280930925,249.000000,3635.55298904000
72,13.300000,8.900000,13.300000,0.01268488258,124.000000,20021.26211920000
73,13.900000,14.100000,16.000000,0.00814288722,685.000000,68.99364573220
74,13.800000,13.400000,15.700000,0.00963959233,416.000000,34626.67058950000
75,13.800000,12.800000,15.100000,0.01500914754,255.000000,3159.13584432000
76,13.800000,12.700000,14.900000,0.00938513872,692.000000,26546.41045070000
77,13.400000,10.000000,15.600000,0.01791634072,209.000000,872.06695648100
78,13.500000,10.800000,16.900000,0.01973913055,397.000000,118.64065633000
79,13.600000,11.100000,16.600000,0.02309577115,405.000000,276.25195448300
80,13.500000,10.600000,16.300000,0.03417688175,1250.000000,452.28890405700
81,13.700000,12.100000,17.400000,0.02362686546,1164.000000,2400.05218044000
82,13.700000,11.700000,17.600000,0.02266378534,1074.000000,597.00403940300
83,13.800000,13.100000,20.300000,0.02568153121,1410.000000,1574.94504258000
84,13.700000,12.200000,18.200000,0.03627183811,582.000000,1438.83661687000
85,13.900000,13.700000,19.900000,0.02592436794,630.000000,17903.08121140000
86,13.800000,13.200000,18.400000,0.03504010503,969.000000,3709.73800985000
87,13.700000,12.600000,15.500000,0.02651714330,903.000000,3048.96765877000
88,13.600000,12.600000,15.200000,0.02516697609,721.000000,2298.59045868000
89,13.400000,9.900000,15.100000,0.01779454199,900.000000,1345.91048748000
90,13.300000,9.100000,14.700000,0.03365264588,731.000000,458.72752181700
91,13.600000,13.100000,14.100000,0.02226125499,937.000000,1748.37606744000
92,13.100000,8.700000,10.600000,0.02682778926,1110.000000,1363.61514747000
93,13.600000,13.600000,13.500000,0.01521134607,407.000000,2527.91019798000
94,12.900000,7.700000,9.600000,0.02429076840,649.000000,945.89229071400
95,13.000000,6.500000,11.900000,0.02940165509,1174.000000,230.73743217500
96,13.300000,9.100000,13.500000,0.02206512352,568.000000,3026.06215720000
97,13.100000,7.300000,13.200000,0.02317900511,488.000000,0.00000000000
98,13.300000,8.700000,14.100000,0.02053369219,1332.000000,943.35924533600
99,12.800000,4.900000,12.000000,0.02507550661,646.000000,11566.79448080000
100,13.000000,6.700000,13.400000,0.02224177435,609.000000,48.47393179240
101,13.000000,7.600000,10.400000,0.02002162570,1084.000000,0.00000000000
102,12.600000,4.200000,10.200000,0.04915854971,863.000000,275.89768067200
103,12.600000,4.100000,11.100000,0.05570438729,1041.000000,0.00000000000
104,13.500000,12.400000,12.900000,0.01950851578,1423.000000,13233.98379010000
105,13.000000,8.400000,9.900000,0.02244900515,1107.000000,2997.70650092000
106,12.800000,5.400000,10.200000,0.02256652917,1265.000000,3314.56926902000
107,13.100000,8.500000,11.200000,0.04657175355,426.000000,6723.39494311000
108,12.900000,7.500000,10.400000,0.03985532515,239.000000,5707.53988767000
109,13.500000,11.000000,15.500000,0.01793944270,335.000000,7757.72019709000
110,13.400000,10.800000,14.200000,0.02510341803,380.000000,0.00000000000
111,13.000000,8.400000,11.300000,0.03124125338,345.000000,1734.82410431000
112,13.000000,8.100000,10.800000,0.02213681528,639.000000,12448.10579050000
113,12.300000,5.000000,6.900000,0.01860428842,678.000000,13025.81232320000
114,11.900000,3.400000,5.400000,0.02775803313,772.000000,0.00000000000
115,13.200000,9.400000,13.000000,0.03619826568,503.000000,1340.50957462000
116,13.300000,9.800000,14.100000,0.01882908599,330.000000,337.15984556600
117,13.300000,9.600000,14.400000,0.03315816446,699.000000,2202.58436257000
118,13.100000,8.300000,12.900000,0.02537444042,590.000000,5697.36723174000
119,13.200000,8.800000,13.900000,0.01384546389,1230.000000,1199.22548471000
120,13.200000,8.700000,14.000000,0.01818421890,998.000000,645.11394464600
121,13.200000,8.500000,14.800000,0.01857479019,618.000000,471.70433307700
122,12.600000,5.300000,7.900000,0.00921692943,370.000000,1969.58095476000
123,13.200000,8.600000,12.500000,0.02133186795,781.000000,129.33895087000
124,13.300000,9.700000,13.800000,0.01791093471,336.000000,1028.10083562000
125,13.400000,10.400000,15.200000,0.02937056652,1062.000000,883.12489276500
126,13.200000,8.900000,14.700000,0.02328994745,1055.000000,6330.93041782000
127,13.100000,7.900000,13.700000,0.01846822714,717.000000,1858.85719246000
128,13.000000,6.700000,11.800000,0.03224860067,1303.000000,0.00000000000
129,13.000000,6.400000,12.200000,0.08376327765,2184.000000,0.00000000000
130,12.800000,6.800000,10.500000,0.02036828207,1113.000000,334.03865868100
131,13.100000,7.200000,15.200000,0.02643985148,928.000000,0.00000000000
132,13.200000,7.700000,15.200000,0.01962722704,895.000000,684.10289148100
133,13.100000,7.900000,11.700000,0.02317636023,1491.000000,0.00000000000
134,13.300000,9.100000,14.100000,0.02002833158,744.000000,0.00000000000
135,13.100000,7.400000,12.100000,0.01865123836,948.000000,408.81935482900
136,13.300000,9.600000,13.900000,0.02064786045,1189.000000,1038.70647708000
137,13.000000,7.400000,11.100000,0.05443159766,1084.000000,0.00000000000
138,11.700000,2.000000,5.400000,0.01827056291,807.000000,2548.44365786000
139,12.500000,6.700000,10.400000,0.02032818011,1636.000000,1188.35593382000
140,12.900000,6.300000,13.900000,0.02150397596,872.000000,305.03777906500
141,12.600000,4.300000,14.100000,0.02480579552,798.000000,6380.76155202000
142,12.900000,6.000000,13.800000,0.02300645471,464.000000,0.00000000000
143,12.600000,4.000000,13.300000,0.03730932010,184.000000,9266.98043891000
144,12.600000,3.900000,14.700000,0.02884779638,1141.000000,15110.24265380000
145,12.400000,2.700000,12.300000,0.02037452600,1867.000000,917.17349441700
146,12.500000,3.400000,13.400000,0.04154316645,285.000000,3193.28199452000
147,12.900000,5.600000,12.600000,0.03290446279,369.000000,423.88087130000
148,12.900000,6.400000,13.000000,0.02628229724,889.000000,0.00000000000
149,12.900000,6.100000,11.800000,0.02058514449,813.000000,8335.46746857000
150,12.800000,5.400000,14.100000,0.05247712271,275.000000,995.60105544400
151,12.700000,4.700000,14.400000,0.04026770836,351.000000,287.77050062500
152,11.700000,1.600000,6.900000,0.02637000691,1016.000000,4424.26881330000
153,12.700000,4.300000,14.100000,0.04815872076,745.000000,5539.71412547000
154,13.100000,7.700000,14.900000,0.03147940951,644.000000,3171.49779218000
155,12.800000,5.400000,11.500000,0.05475326964,2749.000000,13043.60173059990
156,12.900000,5.800000,13.500000,0.06473572259,1642.000000,627.85295020100
157,12.500000,3.400000,10.700000,0.02383340739,626.000000,5232.13837646000
158,12.600000,4.200000,11.200000,0.04091626738,2539.000000,181.01658997400
159,12.800000,5.700000,12.300000,0.04749485878,1005.000000,653.02922374000
160,12.100000,2.200000,7.900000,0.02248810941,438.000000,0.00000000000
161,12.700000,4.500000,11.700000,0.03252999015,607.000000,2501.69911764000
162,12.100000,2.600000,8.400000,0.05907754312,1378.000000,0.00000000000
163,11.900000,1.900000,7.700000,0.04165183028,1049.000000,6723.05298451000
164,12.700000,4.500000,12.000000,0.02939196172,716.000000,0.00000000000
165,12.700000,4.100000,11.800000,0.04136707810,1284.000000,430.22659561200
166,12.700000,4.000000,13.500000,0.04254424337,158.000000,13233.74502910000
167,12.600000,3.600000,11.700000,0.05163478218,298.000000,0.00000000000
168,12.700000,4.200000,12.600000,0.03971974806,298.000000,19078.91932610000
169,11.800000,1.500000,6.700000,0.03838943620,2014.000000,1424.03369381000
170,12.900000,5.900000,13.400000,0.04032709427,734.000000,62933.26239070000
171,12.900000,6.400000,13.100000,0.07963796540,4120.000000,9894.71166010000
172,12.900000,5.800000,13.900000,0.02903760407,1789.000000,12603.13546210000
173,12.700000,5.500000,6.300000,0.02525605443,888.000000,2674.99354930000
174,11.900000,2.800000,3.500000,0.02583162625,1064.000000,3880.06773657000
175,12.700000,4.600000,9.800000,0.01684979542,1293.000000,0.00000000000
176,13.000000,6.900000,9.800000,0.01898261817,1002.000000,916.55092537300
177,13.000000,7.200000,10.500000,0.02300620203,962.000000,756.26239389400
178,13.100000,8.200000,9.500000,0.02073556479,1222.000000,384.94927737800
179,13.000000,7.100000,8.200000,0.01789640940,689.000000,2955.26550570000
180,12.800000,6.000000,7.400000,0.02528653390,681.000000,86.92030062100
181,13.100000,7.800000,10.200000,0.02194253852,704.000000,343.68353388300
182,13.000000,7.000000,9.600000,0.02077698483,765.000000,636.19126334600
183,13.200000,8.700000,10.600000,0.01778939450,502.000000,0.00000000000
184,13.000000,6.900000,8.900000,0.02201686344,682.000000,1365.54452676000
185,12.200000,3.500000,6.400000,0.02378008374,716.000000,10671.66463310000
186,12.600000,4.400000,6.700000,0.01906801825,1405.000000,245.71406344800
187,13.200000,8.600000,10.200000,0.02506856281,1252.000000,494.29335143900
188,13.200000,8.400000,10.700000,0.01909403578,1506.000000,870.59721183200
189,12.700000,5.200000,5.300000,0.02124491553,535.000000,0.00000000000
190,12.600000,4.000000,6.700000,0.01398169846,462.000000,0.00000000000
191,12.500000,3.000000,4.900000,0.01419983176,556.000000,499.75766765700
192,12.500000,3.300000,5.100000,0.02018836454,343.000000,0.00000000000
193,12.500000,3.200000,4.600000,0.01665267053,603.000000,247.06433695800
194,12.600000,3.800000,6.400000,0.01073132787,784.000000,0.00000000000
195,13.200000,9.100000,10.400000,0.04886832868,168.000000,3781.81530609000
196,13.000000,6.300000,9.600000,0.01080018392,724.000000,0.00000000000
197,13.300000,10.000000,11.100000,0.01682825795,267.000000,1976.92485487000
198,13.100000,7.400000,10.100000,0.01233737531,843.000000,1426.00571122000
199,12.900000,6.600000,6.800000,0.01005032017,408.000000,0.00000000000
200,13.000000,7.100000,8.300000,0.01949312303,289.000000,0.00000000000
201,12.900000,5.700000,8.300000,0.00836198375,496.000000,11293.48480390000
202,12.900000,6.000000,8.600000,0.00797497695,611.000000,42642.48950440000
203,13.500000,11.800000,10.400000,0.02035619983,231.000000,6902.86076452000
204,13.400000,10.900000,8.600000,0.00910917184,281.000000,1514.88234751000
205,13.300000,9.700000,9.800000,0.00780820641,316.000000,179.95777522600
206,13.600000,12.300000,10.300000,0.01239659761,253.000000,4288.24772148000
207,13.300000,10.200000,9.800000,0.00674351291,279.000000,24268.21455590000
208,13.500000,12.400000,11.500000,0.00747496815,362.000000,69023.63381120000
209,13.500000,11.900000,11.900000,0.00926133785,598.000000,6832.55050785000
210,13.400000,11.300000,11.800000,0.01049727887,383.000000,46103.67563640000
211,13.300000,10.500000,10.800000,0.00619150485,210.000000,24377.67504590000
212,13.400000,11.000000,11.200000,0.00745002343,430.000000,29700.28992050000
213,13.400000,10.800000,11.600000,0.01833027711,1590.000000,36853.32062710000
214,13.300000,10.200000,11.600000,0.01451148741,588.000000,94138.25079550000
215,13.500000,11.400000,10.800000,0.01768744893,387.000000,29356.93470620000
216,13.500000,12.300000,10.700000,0.00994937197,215.000000,666.03394273300
217,13.300000,9.700000,9.800000,0.01436732198,783.000000,16530.21351230000
218,13.200000,9.000000,9.800000,0.01569239096,472.000000,922.94560850400
219,13.500000,13.300000,12.600000,0.03344232218,180.000000,21101.88127500000
220,13.500000,12.400000,12.700000,0.01605825300,523.000000,64.66877032670
221,13.300000,11.000000,11.400000,0.01706729134,646.000000,705.86901008800
222,13.600000,13.500000,13.100000,0.01655130547,500.000000,161.79653095100
223,13.300000,11.100000,11.900000,0.01849818257,1135.000000,8355.07518338000
224,13.200000,10.000000,11.000000,0.02649058587,567.000000,2244.81491086000
225,13.100000,8.800000,11.000000,0.01935634593,1036.000000,1208.89516320000
226,13.200000,10.100000,11.500000,0.02707365483,267.000000,32988.68761810000
227,13.200000,9.300000,10.900000,0.01689722772,456.000000,1382.54269778000
228,13.100000,9.400000,10.900000,0.00987645988,157.000000,2698.64009215000
229,12.900000,7.100000,9.700000,0.02802345570,656.000000,0.00000000000
230,13.300000,12.000000,11.700000,0.02786175329,222.000000,0.00000000000
231,13.500000,12.900000,12.600000,0.03352981737,426.000000,903.82004392800
232,13.200000,9.300000,11.200000,0.02846345076,1440.000000,7580.61089697000
233,13.400000,11.800000,11.700000,0.03593508992,19.000000,3647.87299983000
234,13.300000,11.500000,11.800000,0.05042331291,1120.000000,916.23677466900
235,13.600000,13.200000,13.200000,0.01969245889,13.000000,22515.73673180000
236,13.400000,11.700000,11.900000,0.01920192862,943.000000,3302.28879971000
237,13.500000,11.200000,12.300000,0.02567653974,129.000000,22595.72041430000
238,13.300000,10.100000,11.200000,0.03428343225,174.000000,10126.11817970000
239,13.300000,9.700000,10.500000,0.01775160517,262.000000,13.83939352440
240,13.300000,9.500000,10.500000,0.06726350343,5271.000000,7309.01657263000
241,13.300000,10.300000,11.100000,0.01583394498,1189.000000,1369.70584460000
242,13.600000,12.800000,12.600000,0.01577525061,560.000000,358.58662966900
243,13.300000,10.000000,10.800000,0.02364057781,361.000000,0.00000000000
244,13.500000,12.300000,12.100000,0.01809829697,560.000000,0.00000000000
245,13.300000,9.800000,10.500000,0.01905190639,536.000000,868.12682886000
246,13.400000,11.000000,11.700000,0.01863398037,594.000000,28.67929654900
247,13.300000,9.300000,11.500000,0.03284783413,141.000000,41095.96909910000
248,13.300000,9.700000,11.200000,0.08876500089,2673.000000,0.00000000000
249,13.300000,9.800000,10.900000,0.08415946152,1890.000000,15898.80458940000
250,13.200000,8.900000,10.900000,0.02653966347,848.000000,10624.51167850000
251,13.200000,8.300000,11.000000,0.01784330525,618.000000,35436.84729800000
252,13.200000,8.500000,11.400000,0.02988645763,585.000000,16316.18849850000
253,13.100000,7.300000,10.600000,0.02131018729,1116.000000,110612.23967800000
254,13.100000,7.900000,10.600000,0.04858937657,1692.000000,24921.20574550000
255,13.400000,10.800000,11.600000,0.02063583159,1081.000000,4138.76526579000
256,13.300000,9.800000,10.700000,0.02530324678,321.000000,357.32713113200
257,13.500000,12.900000,12.300000,0.03571325939,131.000000,12484.07175200000
258,13.400000,11.200000,10.400000,0.04068112333,69.000000,5262.23206199000
259,13.400000,10.600000,9.200000,0.03534656995,290.000000,0.00000000000
260,13.400000,11.200000,10.200000,0.03169865650,662.000000,215.81727087300
261,13.500000,12.300000,11.600000,0.02836519611,312.000000,13373.24299930000
262,13.400000,11.300000,11.700000,0.03280120157,421.000000,0.00000000000
263,13.400000,11.100000,12.200000,0.02131425247,734.000000,0.00000000000
264,13.300000,9.700000,11.200000,0.03372647716,592.000000,490.14232296600
265,13.000000,7.400000,10.400000,0.02358824094,587.000000,0.00000000000
266,13.100000,7.800000,10.700000,0.02798394532,596.000000,0.00000000000
267,13.100000,7.800000,11.400000,0.03309864383,955.000000,0.00000000000
268,13.000000,6.700000,10.300000,0.02002158798,555.000000,411.30106896700
269,13.400000,10.400000,8.800000,0.01668988228,587.000000,9024.73239367000
270,13.400000,11.200000,10.600000,0.01926947177,775.000000,3714.97790544000
271,13.200000,9.500000,11.400000,0.02546027026,912.000000,22931.33510450000
272,13.400000,10.300000,8.800000,0.02254567198,468.000000,80483.74377830000
273,13.500000,10.000000,7.400000,0.03683382082,1258.000000,54536.26440950000
274,13.400000,8.700000,5.100000,0.01471168610,1031.000000,9402.20370528000
275,13.400000,9.500000,6.800000,0.01755904630,942.000000,29674.49859110000
276,13.400000,8.500000,5.000000,0.01564517815,743.000000,5334.71224430000
277,13.500000,9.600000,6.000000,0.02386120089,1223.000000,24785.37749390000
278,12.100000,3.800000,3.800000,0.05411557588,1115.000000,195.61686376000
279,13.300000,8.500000,6.000000,0.02024982114,275.000000,2989.28777949000
280,13.300000,7.100000,4.800000,0.02041659828,934.000000,0.00000000000
281,12.900000,5.200000,4.600000,0.02185177305,1240.000000,2986.91789302000
282,13.600000,12.500000,12.500000,0.05415119576,64.000000,128788.07372500000
283,13.600000,13.700000,13.300000,0.03368211061,336.000000,3173.48205439000
284,13.700000,15.000000,13.700000,0.03489407055,144.000000,28941.21468670000
285,13.600000,13.500000,13.000000,0.03575336159,216.000000,9347.39176863000
286,13.600000,13.300000,12.700000,0.02895512907,164.000000,77579.67706590000
287,13.500000,11.400000,10.100000,0.01882653347,650.000000,15967.57001410000
288,13.500000,11.800000,9.900000,0.02143928737,616.000000,4754.61803619000
289,13.400000,10.600000,8.700000,0.02233988971,494.000000,0.00000000000
290,13.400000,11.100000,8.200000,0.01501162010,466.000000,8764.07749553000
291,13.400000,10.900000,7.300000,0.02093943598,349.000000,0.00000000000
292,13.400000,10.500000,8.100000,0.02572165249,108.000000,1933.17968763000
293,13.500000,11.700000,9.100000,0.01985318467,466.000000,0.00000000000
294,13.400000,11.400000,9.500000,0.01639701003,422.000000,4696.19549622000
295,13.400000,11.900000,10.600000,0.02547457197,571.000000,22943.05089650000
296,13.500000,12.400000,11.000000,0.02543320472,653.000000,200.94192352800
297,13.700000,14.300000,13.000000,0.03053917878,1089.000000,11860.39617500000
298,13.500000,12.300000,11.200000,0.02394966713,506.000000,4783.50877406000
299,13.600000,13.600000,13.200000,0.04072155363,202.000000,8132.12239882000
300,13.400000,10.000000,10.300000,0.01566590383,538.000000,6270.99347590000
301,12.800000,5.100000,7.400000,0.02702368427,839.000000,1467.69617437000
302,13.200000,8.100000,8.100000,0.02346977409,378.000000,1134.98712963000
303,13.300000,9.400000,6.800000,0.01908368805,637.000000,0.00000000000
304,13.100000,7.200000,6.600000,0.01651869118,794.000000,0.00000000000
305,13.300000,9.800000,12.700000,0.01624006404,366.000000,177.39304100100
306,13.100000,8.400000,10.900000,0.03003437025,237.000000,227.19592543300
307,13.200000,8.900000,11.800000,0.01989153266,303.000000,0.00000000000
308,12.900000,5.600000,9.100000,0.02289553512,255.000000,802.28708659400
309,13.400000,10.200000,8.400000,0.02431555649,1072.000000,12858.47471460000
310,13.500000,11.300000,7.800000,0.02742446235,302.000000,1067.17587024000
311,13.400000,10.400000,6.700000,0.02068255854,327.000000,377.32907820500
312,13.300000,9.800000,11.900000,0.02388777437,575.000000,5212.67296688000
313,13.400000,10.100000,11.500000,0.03091517436,570.000000,7101.32965954000
314,13.300000,9.700000,12.000000,0.02835841229,380.000000,1257.61015289000
315,13.400000,9.400000,6.800000,0.01993802952,710.000000,205.36155567300
316,12.800000,4.300000,7.700000,0.03849864055,439.000000,261.20796288200
317,13.000000,5.900000,9.100000,0.02525626468,768.000000,3481.39565014000
318,12.200000,3.000000,5.900000,0.01952706195,267.000000,10027.06276030000
319,12.900000,5.200000,6.600000,0.02190510878,284.000000,6784.13365093000
320,12.800000,4.600000,8.200000,0.02052237827,305.000000,2243.14798460000
321,12.000000,3.300000,6.500000,0.01936663922,130.000000,1942.03307760000
322,13.300000,7.700000,6.400000,0.01771500825,502.000000,3930.53010577000
323,13.400000,9.300000,5.700000,0.01995748740,607.000000,479.54641461900
324,13.000000,5.500000,7.100000,0.02124817859,532.000000,0.00000000000
325,13.500000,11.100000,13.900000,0.01626861275,661.000000,25420.72969110000
326,13.400000,10.000000,6.800000,0.02233550613,316.000000,544.59379071700
327,12.900000,4.500000,4.300000,0.02972700432,427.000000,0.00000000000
328,13.500000,10.600000,7.700000,0.01923792842,330.000000,9462.79166083000
329,11.200000,1.400000,3.700000,0.02144706154,476.000000,4172.00705458000
330,13.200000,8.000000,6.800000,0.02958663150,1051.000000,12405.24020550000
331,12.900000,4.900000,6.600000,0.04488780466,1167.000000,317.72780671400
332,13.100000,6.100000,7.400000,0.02281562841,479.000000,30.21692862400
333,13.200000,6.800000,5.000000,0.02174474760,1242.000000,195.94387905200
334,12.300000,2.900000,4.200000,0.03227040077,1009.000000,45.65103574680
335,13.400000,9.100000,6.000000,0.02602768629,895.000000,1229.17591717000
336,13.600000,12.200000,18.800000,0.01569918730,226.000000,4747.38689178000
337,13.700000,12.700000,17.800000,0.02246156741,76.000000,38681.09451070000
338,13.500000,10.600000,17.400000,0.01873251880,192.000000,5720.25952616000
339,13.700000,12.800000,16.700000,0.04824487653,32.000000,10046.02487370000
340,13.500000,11.000000,13.500000,0.02874296501,172.000000,6110.86560554000
341,13.700000,13.500000,16.100000,0.02154071216,9.000000,1061.18314669000
342,13.600000,11.500000,14.500000,0.01790318966,196.000000,11632.88801420000
343,13.600000,12.200000,14.700000,0.05339245919,13.000000,0.00000000000
344,13.600000,12.100000,14.200000,0.02980495118,18.000000,1485.28222241000
345,13.600000,11.400000,15.500000,0.01391232048,56.000000,6854.80259662000
346,13.600000,12.300000,14.900000,0.01928753891,162.000000,1432.78687967000
347,13.400000,10.000000,14.700000,0.01840140136,176.000000,0.00000000000
348,13.100000,7.900000,12.300000,0.01663690085,339.000000,9731.18182810000
349,12.800000,5.600000,10.600000,0.02288338302,267.000000,12093.86027400000
350,13.600000,11.300000,15.500000,0.01509361021,213.000000,845.35868880700
351,13.100000,7.800000,13.200000,0.02905269673,1537.000000,3059.81778116000
352,12.700000,6.500000,10.700000,0.01712844309,368.000000,57813.24108420000
353,12.800000,5.000000,9.300000,0.03207755013,621.000000,103536.19662800000
354,13.500000,11.100000,13.900000,0.02828449065,661.000000,25420.72969110000
355,13.400000,10.300000,12.800000,0.01129437098,356.000000,1615.87873715000
356,13.500000,11.100000,13.000000,0.01409720328,319.000000,228.53504412800
357,13.700000,13.400000,14.300000,0.01630499397,107.000000,24803.10330820000
358,13.600000,12.200000,13.300000,0.01791936329,324.000000,0.00000000000
359,13.600000,12.300000,14.900000,0.03184203009,18.000000,1465.09033411000
360,13.500000,11.600000,13.600000,0.01282272557,229.000000,2260.15554175000
361,13.500000,11.300000,14.400000,0.01065163732,415.000000,5483.78221633000
362,13.500000,11.200000,13.700000,0.02182272458,343.000000,3709.31404401000
363,13.700000,12.900000,16.700000,0.02518015337,83.000000,121.60352893800
364,13.700000,12.700000,15.800000,0.04428455368,37.000000,2750.11507284000
365,13.400000,10.500000,14.600000,0.03435199010,483.000000,4182.66603966000
366,12.800000,6.800000,11.100000,0.01424506790,450.000000,0.00000000000
367,12.600000,4.700000,8.200000,0.02385990663,51.000000,1863.53203341000
368,13.700000,12.400000,15.000000,0.02653969093,1285.000000,15749.12371820000
369,13.600000,11.700000,14.900000,0.06314529956,957.000000,15212.97387830000
370,13.400000,9.800000,13.200000,0.10069466758,2853.000000,23107.38093730000
371,13.200000,9.000000,12.800000,0.07267480873,1756.000000,74577.84877370000
372,13.600000,11.600000,13.800000,0.03181806659,48.000000,14507.84702010000
373,13.700000,12.800000,14.200000,0.01839160478,210.000000,34438.19655680000
374,13.700000,13.100000,15.400000,0.02692983192,141.000000,16024.64842340000
375,13.400000,10.600000,13.900000,0.01794858018,292.000000,6758.06503175000
376,13.500000,10.500000,15.100000,0.02454287655,451.000000,11780.10766290000
377,13.700000,11.800000,15.400000,0.02601074008,393.000000,40864.33188000000
378,13.300000,8.700000,12.600000,0.02552565030,373.000000,0.00000000000
379,13.300000,8.800000,12.700000,0.02905857398,541.000000,0.00000000000
380,13.200000,7.900000,12.300000,0.03020295140,1021.000000,0.00000000000
381,13.200000,7.700000,12.100000,0.02434296996,890.000000,4511.05087056000
382,13.600000,11.300000,15.600000,0.01949434904,175.000000,531.59467119500
383,14.000000,14.400000,16.200000,0.01634124361,390.000000,5491.33189981000
384,13.600000,11.500000,15.600000,0.03086522098,5.000000,34777.16955860000
385,13.500000,10.100000,15.300000,0.02476133264,599.000000,8775.46836162000
386,13.900000,13.500000,15.700000,0.01559377616,337.000000,134.80744983300
387,13.800000,12.200000,15.300000,0.02703819989,234.000000,3149.89749472000
388,14.000000,14.100000,16.600000,0.01594592710,622.000000,2489.64489987000
389,13.900000,13.500000,15.800000,0.01477450054,688.000000,34879.99355690000
390,13.600000,11.300000,15.000000,0.02330554962,276.000000,25590.84199169990
391,13.900000,13.500000,16.400000,0.08453478254,2.000000,34972.61900720000
392,13.500000,9.900000,13.600000,0.02289806455,311.000000,0.00000000000
393,13.500000,10.800000,14.300000,0.02129646240,193.000000,1372.58620310000
394,13.600000,11.900000,15.200000,0.06308479333,42.000000,10776.07744870000
395,13.400000,10.400000,13.700000,0.02531785904,949.000000,8353.01455233000
396,13.900000,13.900000,15.900000,0.01668946800,464.000000,22480.83754850000
397,13.900000,13.500000,16.000000,0.09580930346,25.000000,10557.46519750000
398,14.000000,14.400000,16.500000,0.03260582069,19.000000,31037.10602380000
399,13.900000,13.900000,15.600000,0.04704570161,4.000000,24006.06739240000
400,13.800000,13.600000,15.600000,0.03827126534,14.000000,50451.93138100000
401,14.000000,14.400000,16.500000,0.05791620538,28.000000,18355.21208760000
402,13.200000,8.000000,17.300000,0.03729400531,970.000000,917.37699554900
403,13.100000,7.500000,18.200000,0.01249166301,184.000000,30757.05991060000
404,13.100000,7.700000,18.700000,0.03227375472,250.000000,1264.93715809000
405,13.100000,7.500000,18.400000,0.02939595952,136.000000,207.62211441500
406,13.200000,8.200000,20.700000,0.02227784558,231.000000,0.00000000000
407,13.200000,8.100000,19.200000,0.01410278888,475.000000,4082.95671885000
408,13.300000,8.900000,16.300000,0.03582814901,88.000000,19894.22865940000
409,13.200000,8.300000,19.500000,0.02807885116,83.000000,4366.39300700000
410,13.200000,8.100000,17.900000,0.02331797988,862.000000,10.17757923060
411,13.300000,9.000000,16.300000,0.02595286106,960.000000,993.13871167000
412,13.400000,9.300000,14.300000,0.02535863247,170.000000,9260.25205469000
413,13.300000,8.900000,14.300000,0.02060524034,667.000000,0.00000000000
414,13.500000,10.000000,15.500000,0.01975391612,357.000000,2130.34912116000
415,13.400000,9.000000,14.200000,0.02232001282,77.000000,3738.98893421000
416,13.300000,8.500000,16.100000,0.02428898673,445.000000,2765.20132684000
417,13.100000,7.700000,18.400000,0.02176093943,1345.000000,142.96504197200
418,13.300000,9.100000,15.800000,0.02205334295,1299.000000,12930.28737370000
419,13.200000,8.300000,17.800000,0.02451372976,895.000000,1520.48721584000
